<?xml version="1.0" encoding="UTF-8"?>
<project-private xmlns="http://www.netbeans.org/ns/project-private/1">
    <editor-bookmarks xmlns="http://www.netbeans.org/ns/editor-bookmarks/2" lastBookmarkId="0"/>
    <open-files xmlns="http://www.netbeans.org/ns/projectui-open-files/2">
        <group>
            <file>file:/Users/bpkadpemalang/Downloads/A11.2017.10523_Praktikum12/Tugas_Akhir/src/tugas_akhir/FormMenu.java</file>
            <file>file:/Users/bpkadpemalang/Downloads/A11.2017.10523_Praktikum12/Tugas_Akhir/src/tugas_akhir/KoneksiMysql.java</file>
            <file>file:/Users/bpkadpemalang/Downloads/A11.2017.10523_Praktikum12/Tugas_Akhir/src/tugas_akhir/FormLogin.java</file>
            <file>file:/Users/bpkadpemalang/Downloads/A11.2017.10523_Praktikum12/Tugas_Akhir/src/tugas_akhir/ProjectAkhir.java</file>
        </group>
    </open-files>
</project-private>
